giorgiovanni63@gmail.com  Giorgio  Vanni  dragonball63  19 agosto 1963  v5d8frhh25de  Milano
karimmusa89@gmail.com  Karim  Musa  yotobifeic  20 aprile 1989  jf74hjfg56fhc  Torino
marcogattuso91@gmail.com  Marco  Gattuso  ilGattoSulTubo  1 maggio 1991  fnhjx2l4za5  Padova
ilcorvobianco91@gmail.com  Fabrizio  Corvo  il_corvo_bianco  2 febbraio 1991  djdudcy489g  Verona
gilberto.filé@gmail.com  Gilberto  Filé  error_404  14 aprile 1956  nchjbjugye  Padova
paolo.rossi94@gmail.com  Paolo  Rossi  rosso_malpelo  22 marzo 1994  kjdfi8vm  Vicenza
mario.bianchi95@gmail.com  Mario  Bianchi  il_bianco95  15 marzo 1995  jhfc8u9frn  Vicenza
giacomo.verdi96@gmail.com  Giacomo  Verdi  giardinoverde  12 novembre 1996  f.ckj3e85r  Torrebelvicino
sara.viola123@gmail.com  Sara  Viola  XX_violetta_XX  16 agosto 2000  /.438cxhf  Trento
roncon.michael777@gmail.com  Michael  Roncon  l'uomo_dei_goti  21 gennaio 1995  n348xs.s,  Sarcedo
cristina.davena64@gmail.com  Cristina  D'avena  sailormoon64  6 luglio 1964  b28xv4.l  Bologna
sara.marvelin89@gmail.com  Sara  Marvelin  deadpoolpersforza  9 dicembre 1989  mnbyut6er43a  Roma
giorgia.tessuto65@gmail.com  Giorgia  Tessuto  shile865  8 ottobre 1965  n38djhd'p3  Napoli
maria.dallavalle19@gmail.com  Maria  Dalla Valle  valpensa1987  19 settembre 1987  c73n25cnb  Trieste
